participant_id,tournament_id,display_name,email,submission_timestamp
P26-01,HMPP-2026,Doc,jawennersten@gmail.com,2026-08-11T10:10:28
P26-02,HMPP-2026,Juh,justinscott374@gmail.com,2026-08-11T17:29:21
P26-03,HMPP-2026,The Troll (AFKA Joe Chamberlin),jchamb1@comcast.net,2026-08-11T17:57:22
P26-04,HMPP-2026,Chuck,charlie.bowman@me.com,2026-08-11T20:40:41
P26-05,HMPP-2026,JJ,jackjudge94@gmail.com,2026-08-14T21:56:57
P26-06,HMPP-2026,Nate Gees,nathan.kassab.g@gmail.com,2026-08-18T21:27:52
P26-07,HMPP-2026,Egg,tripp.oglesby@gmail.com,2026-08-20T08:51:51
P26-08,HMPP-2026,Danny McGees,mcg.danny@gmail.com,2026-08-21T13:20:43
P26-09,HMPP-2026,Patty Mayonnaise,patrick.gallagher1673@gmail.com,2026-08-21T17:50:42
